,Date,BRAND_A_Total_Digital_Spending,BRAND_A_Insert,BRAND_A_NDP,BRAND_A_New product,BRAND_A_OTHER_CATEGORY_1_GRP,BRAND_A_OTHER_CATEGORY_2_GRP,BRAND_A_PRICE,BRAND_A_Redemption,BRAND_A_TOTAL_GRP,BRAND_A_VOLUME,Teshir_Orani_BRAND_A,PCE,COMPETITOR_A_Insert,COMPETITOR_A_PRICE,COMPETITOR_B_Insert,COMPETITOR_B_PRICE,COMPETITOR_B_Redemption,COMPETITOR_B_TOTAL_GRP,COMPETITOR_C_Insert,COMPETITOR_C_PRICE,COMPETITOR_C_Redemption,COMPETITOR_C_TOTAL_GRP,COMPETITOR_D_Insert,COMPETITOR_D_PRICE,COMPETITOR_D_Redemption,COMPETITOR_D_TOTAL_GRP,COMPETITOR_E_PRICE,COMPETITOR_E_TOTAL_GRP,COMPETITOR_F_TOTAL_GRP,COMPETITOR_New product,Anneler_Gunu,Babalar_Gunu,Kadinlar_Gunu,Kurban_Bayrami,Ramazan_Bayrami,Sevgililer_Gunu,Special_Day1,Special_Day2,Yilbasi,Year,Month,Week
0,2016-05-02,15065.24,0.0,0.0,0.0,0.0,72.0,12.5933789,0.0,0.0,35232.8,0.0,964.074,0.0,11.89,0.0,15.37,0.0,0.0,0.0,13.35,0.0,0.0,0.0,11.74,0.0,0.0,0.0,0.0,0.0,0.0,1,0,0,0,0,0,0,0,0,2016,5,18
1,2016-05-09,9386.9,0.0,0.0,0.0,0.0,0.0,9.306887701,0.0,31.59,155680.4,0.0,964.074,0.0,9.51,0.0,9.65,0.0,0.0,0.0,9.94,0.0,0.0,0.0,8.36,0.0,0.0,0.0,0.0,0.0,0.0,0,0,0,0,0,0,0,0,0,2016,5,19
2,2016-05-16,10038.43,0.0,0.0,0.0,0.0,0.0,12.53907546,0.0,137.83,34356.6,0.0,964.074,0.0,12.14,0.0,15.17,0.0,0.0,0.0,13.04,0.0,0.0,0.0,11.6,0.0,0.0,0.0,0.0,0.0,0.0,0,0,0,0,0,0,0,0,0,2016,5,20
3,2016-05-23,9449.79,0.0,0.0,0.0,0.0,0.0,12.91524262,0.0,165.48,34145.7,0.0,964.074,0.0,12.69,0.0,15.61,0.0,0.0,0.0,13.49,0.0,0.0,0.0,11.61,0.0,0.0,0.0,0.0,0.0,0.0,0,0,0,0,0,0,0,0,0,2016,5,21
4,2016-05-30,10151.44,0.0,0.0,0.0,0.0,0.0,12.67814937,0.0,68.16,35328.5,0.0,964.074,0.0,12.31,0.0,15.47,0.0,0.0,0.0,13.67,0.0,0.0,0.0,12.17,0.0,0.0,0.0,0.0,0.0,0.0,0,0,0,0,0,0,0,0,0,2016,5,22
5,2016-06-06,6227.21,0.0,0.0,0.0,0.0,0.0,12.56387859,0.0,177.46,38236.6,0.0,974.061,0.0,12.82,0.0,15.05,0.0,0.0,0.0,13.98,0.0,0.0,0.0,11.7,0.0,0.0,0.0,0.0,0.0,0.0,0,0,0,0,0,0,0,0,0,2016,6,23
6,2016-06-13,22223.85,0.0,0.0,0.0,0.0,0.0,12.52911436,0.0,121.48,35206.0,0.0,974.061,0.0,12.9,0.0,14.38,0.0,0.0,0.0,13.42,0.0,0.0,0.0,11.56,0.0,0.0,0.0,0.0,0.0,0.0,0,1,0,0,0,0,0,0,0,2016,6,24
7,2016-06-20,20252.93,0.0,0.0,0.0,0.0,0.0,12.43241024,0.0,161.0,41407.9,0.0,974.061,0.0,12.75,0.0,14.5,0.0,0.0,0.0,13.95,0.0,0.0,0.0,11.53,0.0,0.0,0.0,0.0,0.0,0.0,0,0,0,0,0,0,0,0,0,2016,6,25
8,2016-06-27,8475.29,0.0,0.0,0.0,0.0,0.0,11.14534449,0.0,27.05,59558.5,0.0,974.061,0.0,11.98,0.0,12.34,0.0,0.0,0.0,13.49,0.0,0.0,0.0,9.39,0.0,0.0,0.0,0.0,0.0,0.0,0,0,0,0,0,0,0,0,0,2016,6,26
9,2016-07-04,0.0,0.0,0.0,0.0,0.0,0.0,9.994924985,0.0,0.0,80590.9,0.0,960.752,0.0,9.48,0.0,11.61,0.0,0.0,0.0,10.45,0.0,0.0,0.0,9.89,0.0,0.0,0.0,0.0,0.0,0.0,0,0,0,0,1,0,0,0,0,2016,7,27
10,2016-07-11,0.0,0.0,0.0,0.0,0.0,0.0,11.75836372,0.0,46.38,47302.5,0.0,960.752,0.0,9.74,0.0,13.78,0.0,0.0,0.0,12.0,0.0,0.0,0.0,10.86,0.0,37.08,0.0,0.0,0.0,0.0,0,0,0,0,0,0,0,0,0,2016,7,28
11,2016-07-18,0.0,0.0,0.0,0.0,0.0,0.0,13.05564731,0.0,0.0,34513.8,0.0,960.752,0.0,10.11,0.0,16.23,0.0,0.0,0.0,13.62,0.0,0.0,0.0,12.03,0.0,0.0,0.0,0.0,0.0,0.0,0,0,0,0,0,0,0,0,0,2016,7,29
12,2016-07-25,0.0,0.0,0.0,0.0,0.0,0.0,12.97577855,0.0,0.0,35373.6,0.0,960.752,0.0,10.12,0.0,16.11,0.0,0.0,0.0,12.91,0.0,0.0,0.0,11.82,0.0,0.0,0.0,0.0,0.0,0.0,0,0,0,0,0,0,0,0,0,2016,7,30
13,2016-08-01,7016.63,0.0,0.0,0.0,0.0,0.0,10.78983493,0.0,0.0,54708.9,0.0,947.444,0.0,9.35,0.0,12.62,0.0,0.0,0.0,10.97,0.0,0.0,0.0,10.97,0.0,38.51,0.0,0.0,0.0,0.0,0,0,0,0,0,0,0,0,0,2016,8,31
14,2016-08-08,26604.7,0.0,0.0,0.0,0.0,0.0,12.53135875,0.0,0.0,41176.7,0.0,947.444,0.0,11.71,0.0,15.48,0.0,0.0,0.0,13.16,0.0,0.0,0.0,11.13,0.0,112.65,0.0,0.0,0.0,0.0,0,0,0,0,0,0,0,0,0,2016,8,32
15,2016-08-15,10849.81,0.0,0.0,0.0,0.0,0.0,12.70926849,0.0,0.0,42929.3,0.0,947.444,0.0,13.25,0.0,15.22,0.0,0.0,0.0,13.34,0.0,0.0,0.0,10.59,0.0,112.14,0.0,0.0,0.0,0.0,0,0,0,0,0,0,0,0,0,2016,8,33
16,2016-08-22,14167.6,0.0,0.0,0.0,0.0,0.0,12.71631286,0.0,14.16,40577.8,0.0,947.444,0.0,12.42,0.0,14.66,0.0,0.0,0.0,13.11,0.0,0.0,0.0,10.73,0.0,71.64,0.0,0.0,0.0,0.0,0,0,0,0,0,0,0,0,0,2016,8,34
17,2016-08-29,19477.92,0.0,0.0,0.0,0.0,0.0,12.65400546,0.0,54.05,41670.6,0.0,947.444,0.0,12.76,0.0,15.78,0.0,0.0,0.0,12.89,0.0,0.0,0.0,10.73,0.0,18.08,0.0,0.0,0.0,0.0,0,0,0,0,0,0,0,0,0,2016,8,35
18,2016-09-05,22984.56,0.0,0.0,0.0,0.0,0.0,10.58151677,0.0,109.2,73930.8,0.0,934.136,0.0,11.69,0.0,10.4,0.0,0.0,0.0,12.87,0.0,0.0,0.0,8.68,0.0,0.0,0.0,0.0,0.0,0.0,0,0,0,0,0,0,0,0,0,2016,9,36
19,2016-09-12,29147.12,0.0,0.0,0.0,0.0,0.0,9.377554718,0.0,38.62,123912.9,0.0,934.136,0.0,9.98,0.0,9.87,0.0,0.0,0.0,10.93,0.0,0.0,0.0,8.69,0.0,0.0,0.0,0.0,0.0,0.0,0,0,0,1,0,0,0,0,0,2016,9,37
20,2016-09-19,31983.37,0.0,0.0,0.0,0.0,0.0,12.72843776,0.0,149.11,49471.9,0.0,934.136,0.0,13.58,0.0,15.69,0.0,0.0,0.0,16.4,0.0,0.0,0.0,10.48,0.0,0.0,0.0,0.0,0.0,0.0,0,0,0,0,0,0,0,0,0,2016,9,38
21,2016-09-26,25866.29,0.0,0.0,0.0,0.0,148.0,12.35778473,0.0,132.04,52112.9,0.0,934.136,0.0,12.71,0.0,16.24,0.0,0.0,0.0,14.43,0.0,0.0,0.0,10.96,0.0,0.0,0.0,0.0,0.0,0.0,0,0,0,0,0,0,0,0,0,2016,9,39
22,2016-10-03,2126.55,0.0,0.0,0.0,0.0,125.0,11.9741247,0.0,103.88,50751.1,0.0,957.349,0.0,12.56,0.0,14.91,0.0,0.0,0.0,16.72,0.0,0.0,0.0,10.75,0.0,0.0,0.0,0.0,0.0,0.0,0,0,0,0,0,0,0,0,0,2016,10,40
23,2016-10-10,0.0,0.0,0.0,0.0,0.0,100.0,12.23113832,0.0,118.6,48352.0,0.0,957.349,0.0,12.6,0.0,15.49,0.0,0.0,0.0,15.48,0.0,0.0,0.0,11.09,0.0,0.0,0.0,0.0,0.0,0.0,0,0,0,0,0,0,0,0,0,2016,10,41
24,2016-10-17,0.0,0.0,0.0,0.0,0.0,127.0,12.27849287,0.0,132.0,48051.5,0.0,957.349,0.0,11.27,0.0,13.21,0.0,0.0,0.0,12.91,0.0,0.0,0.0,11.33,0.0,0.0,0.0,0.0,0.0,0.0,0,0,0,0,0,0,0,0,0,2016,10,42
25,2016-10-24,0.0,0.0,0.0,0.0,0.0,113.0,10.51010127,0.0,121.31,65308.6,0.0,957.349,0.0,9.37,0.0,11.32,0.0,0.0,0.0,14.08,0.0,0.0,0.0,9.93,0.0,0.0,0.0,0.0,0.0,0.0,0,0,0,0,0,0,0,0,0,2016,10,43
26,2016-10-31,0.0,0.0,0.0,0.0,0.0,8.0,9.034874811,0.0,47.95,102713.1,0.0,957.349,0.0,8.5,0.0,9.6,0.0,0.0,0.0,13.02,0.0,0.0,0.0,9.23,0.0,0.0,0.0,0.0,0.0,0.0,0,0,0,0,0,0,0,0,0,2016,10,44
27,2016-11-07,0.0,0.0,0.0,0.0,0.0,142.0,11.83925405,0.0,120.7,45687.0,0.0,980.563,0.0,12.28,0.0,15.14,0.0,0.0,0.0,15.31,0.0,0.0,0.0,11.5,0.0,0.0,0.0,0.0,0.0,0.0,0,0,0,0,0,0,0,0,0,2016,11,45
28,2016-11-14,0.0,0.0,0.0,0.0,0.0,134.0,10.02425282,0.0,8.12,81392.6,0.0,980.563,0.0,11.01,0.0,12.34,0.0,0.0,0.0,12.14,0.0,0.0,0.0,10.83,0.0,0.0,0.0,0.0,0.0,0.0,0,0,0,0,0,0,0,0,0,2016,11,46
29,2016-11-21,0.0,0.0,0.0,0.0,0.0,60.0,10.56157519,0.0,0.0,57349.4,0.0,980.563,0.0,11.55,0.0,15.4,0.0,0.0,0.0,13.12,0.0,0.0,0.0,12.05,0.0,0.0,0.0,0.0,0.0,0.0,0,0,0,0,0,0,0,0,0,2016,11,47
30,2016-11-28,0.0,0.0,0.0,0.0,0.0,137.0,11.13352952,0.0,83.47,50801.5,0.0,980.563,0.0,11.44,0.0,15.04,0.0,0.0,0.0,14.5,0.0,0.0,0.0,12.06,0.0,0.0,0.0,0.0,0.0,0.0,0,0,0,0,0,0,0,0,0,2016,11,48
31,2016-12-05,0.0,0.0,0.0,0.0,0.0,254.0,11.54832625,0.0,201.86,45383.2,0.0,1003.777,0.0,11.83,0.0,13.95,0.0,0.0,0.0,14.69,0.0,0.0,0.0,11.77,0.0,0.0,0.0,0.0,0.0,0.0,0,0,0,0,0,0,0,0,0,2016,12,49
32,2016-12-12,0.0,0.0,0.0,0.0,0.0,267.0,12.10357977,0.0,150.87,49117.7,0.0,1003.777,0.0,12.56,0.0,15.41,0.0,0.0,0.0,14.6,0.0,0.0,0.0,13.31,0.0,0.0,0.0,0.0,0.0,0.0,0,0,0,0,0,0,0,0,0,2016,12,50
33,2016-12-19,0.0,0.0,0.0,0.0,0.0,202.0,11.53956953,0.0,85.63,48598.0,0.0,1003.777,0.0,12.43,0.0,15.99,0.0,0.0,0.0,14.14,0.0,0.0,0.0,13.58,0.0,0.0,0.0,0.0,0.0,0.0,0,0,0,0,0,0,0,0,0,2016,12,51
34,2016-12-26,0.0,0.0,0.0,0.0,0.0,88.0,8.300024538,0.0,12.09,123891.2,0.0,1003.777,0.0,8.07,0.0,9.28,0.0,0.0,0.0,11.43,0.0,0.0,0.0,8.89,0.0,0.0,0.0,0.0,0.0,0.0,0,0,0,0,0,0,0,0,1,2016,12,52
35,2017-01-02,0.0,0.588280303,0.0,0.0,90.0,130.0,8.037141092,0.0,117.49,125467.5,0.158411687,998.167,0.0,7.52,0.841771783,9.12,0.0,0.0,0.03381398,10.71,0.0,0.0,0.03381398,9.02,0.0,132.8,0.0,0.0,0.0,1.0,0,0,0,0,0,0,0,0,0,2017,1,1
36,2017-01-09,0.0,0.588280303,0.0,0.0,144.0,130.0,12.42423329,0.0,140.19,29844.9,0.158411687,998.167,0.0,12.38,0.841771783,16.48,0.0,0.0,0.03381398,11.51,0.0,0.0,0.03381398,12.79,0.0,147.5,0.0,0.0,0.0,1.0,0,0,0,0,0,0,0,0,0,2017,1,2
37,2017-01-16,0.0,0.588280303,0.0,0.0,50.0,0.0,12.25057289,0.0,50.97,41500.1,0.158411687,998.167,0.0,12.59,0.841771783,16.87,0.0,0.0,0.03381398,11.08,0.0,0.0,0.03381398,12.74,0.0,146.14,0.0,0.0,0.0,1.0,0,0,0,0,0,0,0,0,0,2017,1,3
38,2017-01-23,0.0,0.588280303,0.0,0.0,15.0,29.0,11.81392786,0.0,15.51,45006.2,0.158411687,998.167,0.0,12.56,0.841771783,17.26,0.0,0.0,0.03381398,11.17,0.0,0.0,0.03381398,12.58,0.0,97.33,0.0,0.0,0.0,1.0,0,0,0,0,0,0,0,0,0,2017,1,4
39,2017-01-30,0.0,0.588280303,0.0,0.0,0.0,0.0,12.3195758,0.0,73.69,42282.3,0.158411687,998.167,0.0,12.67,0.841771783,17.27,0.0,0.0,0.03381398,12.54,0.0,0.0,0.03381398,12.8,0.0,39.9,0.0,0.0,0.0,1.0,0,0,0,0,0,0,0,0,0,2017,1,5
40,2017-02-06,95.44,0.133173438,0.0,0.0,0.0,0.0,12.6314859,0.0,107.15,45252.0,0.024426855,992.556,0.693660466,12.61,0.0,17.01,0.0,0.0,0.133173438,16.06,0.0,0.0,0.346830233,13.25,0.0,0.0,0.0,0.0,0.0,1.0,0,0,0,0,0,0,0,0,0,2017,2,6
41,2017-02-13,9330.83,0.133173438,0.0,0.0,0.0,0.0,9.147033386,0.0,120.23,130424.8,0.024426855,992.556,0.693660466,9.67,0.0,10.71,0.0,0.0,0.133173438,12.33,0.0,0.0,0.346830233,8.87,0.0,0.0,0.0,0.0,162.19,1.0,0,0,0,0,0,1,0,0,0,2017,2,7
42,2017-02-20,208.92,0.133173438,0.0,0.0,61.0,75.0,10.45437894,0.0,63.84,76704.7,0.024426855,992.556,0.693660466,10.48,0.0,12.81,0.0,0.0,0.133173438,13.85,0.0,0.0,0.346830233,10.7,0.0,0.0,0.0,0.0,135.64,1.0,0,0,0,0,0,0,0,0,0,2017,2,8
43,2017-02-27,11017.58,0.133173438,0.0,0.0,145.0,77.0,12.85642428,0.0,74.54,41947.9,0.024426855,992.556,0.693660466,12.13,0.0,17.61,0.0,0.0,0.133173438,17.0,0.0,0.0,0.346830233,13.61,0.0,0.0,0.0,0.0,0.0,1.0,0,0,0,0,0,0,0,0,0,2017,2,9
44,2017-03-06,29257.32,0.133173438,0.0,0.0,6.0,206.0,9.352273889,0.0,303.93,122312.5,0.150601433,986.946,0.0,10.88,0.213656795,12.11,0.0,21.2,1.226564274,13.48,0.0,0.0,0.266346876,9.78,0.0,0.0,0.0,0.0,0.0,1.0,0,0,1,0,0,0,0,0,0,2017,3,10
45,2017-03-13,20120.72,0.133173438,0.0,0.0,0.0,33.0,9.528776548,0.0,233.25,111976.6,0.150601433,986.946,0.0,10.97,0.213656795,12.01,0.0,70.71,1.226564274,13.62,0.0,0.0,0.266346876,10.1,0.0,0.0,0.0,0.0,0.0,1.0,0,0,0,0,0,0,0,0,0,2017,3,11
46,2017-03-20,17136.54,0.133173438,0.0,0.0,0.0,23.0,13.50813023,0.0,171.0,38658.2,0.150601433,986.946,0.0,13.72,0.213656795,17.71,0.0,106.09,1.226564274,18.77,0.0,0.0,0.266346876,14.01,0.0,0.0,0.0,0.0,0.0,1.0,0,0,0,0,0,0,0,0,0,2017,3,12
47,2017-03-27,12092.32,0.133173438,0.0,0.0,0.0,0.0,11.69078264,0.0,176.77,58550.4,0.150601433,986.946,0.0,11.95,0.213656795,17.3,0.0,53.14,1.226564274,14.9,0.0,0.0,0.266346876,14.11,0.0,0.0,0.0,0.0,0.0,1.0,0,0,0,0,0,0,0,0,0,2017,3,13
48,2017-04-03,307.5,0.241450071,0.0,0.0,0.0,0.0,13.50268967,0.0,188.56,39577.3,0.144335467,992.984,0.133173438,14.05,0.052900138,17.31,0.067627961,0.0,2.132629727,18.66,0.0,0.0,0.613597222,14.13,0.0,0.0,0.0,0.0,0.0,0.0,0,0,0,0,0,0,0,0,0,2017,4,14
49,2017-04-10,2157.51,0.241450071,0.0,0.0,0.0,0.0,13.19619523,0.0,0.0,50294.8,0.144335467,992.984,0.133173438,14.0,0.052900138,17.19,0.067627961,0.0,2.132629727,18.57,0.0,0.0,0.613597222,13.69,0.0,0.0,0.0,0.0,0.0,0.0,0,0,0,0,0,0,0,0,0,2017,4,15
50,2017-04-17,5553.82,0.241450071,0.0,0.0,0.0,0.0,13.13370217,0.0,166.32,48242.3,0.144335467,992.984,0.133173438,13.85,0.052900138,17.13,0.067627961,0.0,2.132629727,17.45,0.0,0.0,0.613597222,14.11,0.0,0.0,0.0,0.0,0.0,0.0,0,0,0,0,0,0,0,0,0,2017,4,16
51,2017-04-24,1783.58,0.241450071,0.0,0.0,0.0,48.0,11.12372961,0.0,167.44,75990.7,0.144335467,992.984,0.133173438,12.19,0.052900138,14.39,0.067627961,0.0,2.132629727,13.73,0.0,0.0,0.613597222,13.97,0.0,0.0,0.0,0.0,0.0,0.0,0,0,0,0,0,0,0,0,0,2017,4,17
52,2017-05-01,14762.68,0.241450071,0.0,0.0,0.0,73.0,12.95862801,0.0,220.97,48315.3,0.144335467,999.022,0.133173438,15.16,0.052900138,17.16,0.067627961,0.0,2.132629727,18.8,0.0,0.0,0.613597222,14.2,0.0,0.0,0.0,0.0,0.0,0.0,0,0,0,0,0,0,0,0,0,2017,5,18
53,2017-05-08,19151.85,0.399940427,0.0,0.0,0.0,80.0,13.37696121,0.0,169.16,50243.1,0.022452357,999.022,0.0,15.12,0.080483357,17.31,0.42731359,0.0,1.603480323,20.3,0.0,0.0,0.433334294,13.01,0.160966714,0.0,0.0,0.0,0.0,0.0,1,0,0,0,0,0,0,0,0,2017,5,19
54,2017-05-15,354.86,0.399940427,0.0,0.0,0.0,0.0,9.115670206,0.0,0.0,224986.2,0.022452357,999.022,0.0,10.68,0.080483357,10.28,0.42731359,0.0,1.603480323,12.94,0.0,0.0,0.433334294,8.58,0.160966714,0.0,0.0,0.0,0.0,0.0,0,0,0,0,0,0,0,0,0,2017,5,20
55,2017-05-22,4168.53,0.399940427,0.0,0.0,0.0,59.0,13.56600296,0.0,51.75,39982.3,0.022452357,999.022,0.0,15.06,0.080483357,16.03,0.42731359,0.0,1.603480323,19.73,0.0,0.0,0.433334294,11.56,0.160966714,0.0,0.0,0.0,0.0,0.0,0,0,0,0,1,0,0,0,0,2017,5,21
56,2017-05-29,8472.09,0.399940427,0.0,0.0,0.0,161.0,13.51930334,0.0,108.48,38744.6,0.022452357,999.022,0.0,13.33,0.080483357,15.59,0.42731359,0.0,1.603480323,20.79,0.0,0.0,0.433334294,11.79,0.160966714,0.0,0.0,0.0,0.0,0.0,0,0,0,0,0,0,0,0,0,2017,5,22
57,2017-06-05,8370.17,0.721663798,0.0,0.0,0.0,137.0,13.76901061,0.0,102.73,35638.0,0.141777246,1005.06,0.0,14.37,0.0,17.81,0.0,0.0,0.219887556,19.88,0.0,0.0,0.795102407,13.45,0.0,0.0,0.0,0.0,0.0,0.0,0,0,0,0,0,0,0,0,0,2017,6,23
58,2017-06-12,8374.81,0.721663798,0.0,0.0,0.0,134.0,12.19907932,0.0,126.49,61324.3,0.141777246,1005.06,0.0,13.62,0.0,12.49,0.0,0.0,0.219887556,16.98,0.0,0.0,0.795102407,10.79,0.0,0.0,0.0,0.0,0.0,0.0,0,1,0,0,0,0,0,0,0,2017,6,24
59,2017-06-19,5540.63,0.721663798,0.0,0.0,0.0,124.0,11.1462292,0.0,96.1,73782.8,0.141777246,1005.06,0.0,12.11,0.0,14.56,0.0,0.0,0.219887556,13.85,0.0,0.0,0.795102407,12.55,0.0,0.0,0.0,0.0,0.0,0.0,0,0,0,0,0,0,0,0,0,2017,6,25
60,2017-06-26,0.0,0.721663798,0.0,0.0,0.0,0.0,10.25727612,0.0,0.0,94762.0,0.141777246,1005.06,0.0,11.08,0.0,13.15,0.0,0.0,0.219887556,13.05,0.0,0.0,0.795102407,11.35,0.0,0.0,0.0,0.0,0.0,0.0,0,0,0,0,0,0,0,0,0,2017,6,26
61,2017-07-03,0.0,0.956069121,0.0,1.0,0.0,0.0,13.35722173,0.0,0.0,44373.0,0.034496726,1013.48,0.0,14.51,0.0,15.94,0.160966714,0.0,0.294140152,18.37,0.0,0.0,0.789081702,13.0,0.0,115.82,0.0,0.0,0.0,0.0,0,0,0,0,0,0,0,0,0,2017,7,27
62,2017-07-10,0.0,0.956069121,0.0,1.0,0.0,0.0,13.60912279,0.0,0.0,41031.3,0.034496726,1013.48,0.0,13.9,0.0,16.79,0.160966714,0.0,0.294140152,18.52,0.0,0.0,0.789081702,13.85,0.0,119.29,0.0,0.0,0.0,0.0,0,0,0,0,0,0,0,0,0,2017,7,28
63,2017-07-17,0.0,0.956069121,3.0,1.0,0.0,0.0,13.70043599,0.0,0.0,41721.3,0.034496726,1013.48,0.0,14.59,0.0,16.68,0.160966714,0.0,0.294140152,18.59,0.0,0.0,0.789081702,13.85,0.0,81.6,0.0,0.0,0.0,0.0,0,0,0,0,0,0,0,0,0,2017,7,29
64,2017-07-24,0.0,0.956069121,3.0,1.0,0.0,0.0,12.10457539,0.0,0.0,57011.5,0.034496726,1013.48,0.0,13.05,0.0,14.02,0.160966714,0.0,0.294140152,16.06,0.0,0.0,0.789081702,12.35,0.0,37.36,0.0,0.0,0.0,0.0,0,0,0,0,0,0,0,0,0,2017,7,30
65,2017-07-31,0.0,0.956069121,3.0,1.0,0.0,0.0,13.45737993,0.0,0.0,39770.0,0.034496726,1013.48,0.0,14.27,0.0,15.41,0.160966714,0.0,0.294140152,18.4,0.0,0.0,0.789081702,13.61,0.0,46.61,0.0,0.0,0.0,0.0,0,0,0,0,0,0,0,0,0,2017,7,31
66,2017-08-07,0.0,0.560487028,3.0,0.0,0.0,0.0,13.47429232,0.0,0.0,43275.0,0.109315565,1021.9,0.0,14.18,0.0,15.38,0.266346876,0.0,0.266346876,19.19,0.0,91.84,0.907527317,14.04,0.0,136.23,0.0,0.0,0.0,0.0,0,0,0,0,0,0,0,0,0,2017,8,32
67,2017-08-14,0.0,0.560487028,3.0,0.0,0.0,0.0,13.39355878,0.0,108.63,46447.7,0.109315565,1021.9,0.0,14.38,0.0,15.49,0.266346876,0.0,0.266346876,19.39,0.0,63.85,0.907527317,13.78,0.0,64.32,0.0,0.0,0.0,0.0,0,0,0,0,0,0,0,0,0,2017,8,33
68,2017-08-21,1859.92,0.560487028,10.0,0.0,0.0,0.0,13.57989021,0.0,115.24,46723.5,0.109315565,1021.9,0.0,14.61,0.0,15.25,0.266346876,0.0,0.266346876,19.49,0.0,39.53,0.907527317,13.69,0.0,41.41,0.0,0.0,0.0,0.0,0,0,0,1,0,0,0,0,0,2017,8,34
69,2017-08-28,11259.01,0.560487028,16.0,0.0,0.0,0.0,9.350033457,0.0,154.89,155871.1,0.109315565,1021.9,0.0,11.37,0.0,11.19,0.266346876,0.0,0.266346876,13.17,0.0,56.83,0.907527317,9.75,0.0,3.86,0.0,0.0,0.0,0.0,0,0,0,1,0,0,0,0,0,2017,8,35
70,2017-09-04,11351.26,0.439775112,20.0,0.0,0.0,0.0,10.70881442,0.0,0.0,73696.3,0.177398591,1030.321,0.160966714,11.76,0.0,13.46,0.266346876,0.0,0.327954132,13.83,0.0,0.0,0.0,11.04,0.0,0.0,0.0,0.0,0.0,0.0,0,0,0,1,0,0,0,0,0,2017,9,36
71,2017-09-11,10484.61,0.439775112,24.0,0.0,0.0,31.0,13.98930549,0.0,0.0,44190.9,0.177398591,1030.321,0.160966714,13.56,0.0,15.39,0.266346876,0.0,0.327954132,20.82,0.0,0.0,0.0,13.38,0.0,0.0,0.0,0.0,0.0,0.0,0,0,0,0,0,0,0,0,0,2017,9,37
72,2017-09-18,10529.54,0.439775112,28.0,0.0,0.0,94.0,13.88982317,0.0,46.32,49057.5,0.177398591,1030.321,0.160966714,12.82,0.0,15.18,0.266346876,0.0,0.327954132,21.3,0.0,0.0,0.0,13.51,0.0,0.0,0.0,0.0,0.0,0.0,0,0,0,0,0,0,0,0,0,2017,9,38
73,2017-09-25,8303.88,0.439775112,31.0,0.0,0.0,121.0,12.8433326,0.0,75.47,55507.4,0.177398591,1030.321,0.160966714,12.27,0.0,13.67,0.266346876,0.0,0.327954132,17.04,0.0,0.0,0.0,12.98,0.0,0.0,0.0,0.0,0.0,0.0,0,0,0,0,0,0,0,0,0,2017,9,39
74,2017-10-02,6447.69,0.399940427,34.0,1.0,0.0,108.0,13.53020262,0.0,68.81,42024.5,0.032240223,1042.368,0.133173438,12.94,0.241450071,15.13,0.160966714,0.0,0.882420455,20.65,0.0,0.0,0.133173438,13.45,0.0,0.0,0.0,0.0,0.0,0.0,0,0,0,0,0,0,0,0,0,2017,10,40
75,2017-10-09,8285.53,0.399940427,37.0,1.0,0.0,201.0,13.43996779,0.0,127.5,46689.1,0.032240223,1042.368,0.133173438,14.72,0.241450071,14.88,0.160966714,0.0,0.882420455,18.92,0.0,0.0,0.133173438,13.26,0.0,61.97,0.0,0.0,0.0,0.0,0,0,0,0,0,0,0,0,0,2017,10,41
76,2017-10-16,8136.77,0.399940427,39.0,1.0,0.0,117.0,11.12034484,0.0,115.05,97829.7,0.032240223,1042.368,0.133173438,12.18,0.241450071,11.56,0.160966714,0.0,0.882420455,15.31,0.0,0.0,0.133173438,9.92,0.0,198.92,0.0,0.0,0.0,0.0,0,0,0,0,0,0,0,0,0,2017,10,42
77,2017-10-23,7559.92,0.399940427,41.0,1.0,0.0,83.0,10.67256525,0.0,39.12,97605.4,0.032240223,1042.368,0.133173438,11.94,0.241450071,11.2,0.160966714,0.0,0.882420455,16.18,0.0,0.0,0.133173438,9.0,0.0,153.42,0.0,0.0,0.0,0.0,0,0,0,0,0,0,0,0,0,2017,10,43
78,2017-10-30,2971.61,0.399940427,43.0,1.0,248.0,18.0,9.57798777,0.0,0.0,106755.2,0.032240223,1042.368,0.133173438,10.31,0.241450071,10.75,0.160966714,0.0,0.882420455,13.13,0.0,0.0,0.133173438,9.85,0.0,15.93,0.0,0.0,0.0,0.0,0,0,0,0,0,0,0,0,0,2017,10,44
79,2017-11-06,1130.99,0.900902682,45.0,0.0,105.0,120.0,12.70874687,0.160966714,0.0,52192.4,0.264910519,1054.415,0.160966714,16.44,0.0,15.68,0.01663652,0.0,0.927734903,18.68,0.0,0.0,0.080483357,13.69,0.0,0.0,0.0,0.0,0.0,1.0,0,0,0,0,0,0,1,0,0,2017,11,45
80,2017-11-13,7636.58,0.900902682,47.0,0.0,107.0,238.0,11.96677111,0.160966714,111.92,68615.0,0.264910519,1054.415,0.160966714,15.86,0.0,13.39,0.01663652,0.0,0.927734903,19.33,0.0,0.0,0.080483357,12.23,0.0,0.0,0.0,0.0,0.0,1.0,0,0,0,0,0,0,1,0,0,2017,11,46
81,2017-11-20,16647.8,0.900902682,49.0,0.0,98.0,100.0,10.27357956,0.160966714,124.3,116755.8,0.264910519,1054.415,0.160966714,12.66,0.0,11.95,0.01663652,0.0,0.927734903,13.74,0.0,0.0,0.080483357,11.16,0.0,0.0,0.0,0.0,0.0,1.0,0,0,0,0,0,0,1,0,0,2017,11,47
82,2017-11-27,12646.63,0.900902682,51.0,0.0,187.0,194.0,11.99088476,0.160966714,50.43,66350.4,0.264910519,1054.415,0.160966714,15.91,0.0,13.47,0.01663652,0.0,0.927734903,17.81,0.0,0.0,0.080483357,12.22,0.0,0.0,0.0,0.0,0.0,1.0,0,0,0,0,0,0,1,0,0,2017,11,48
83,2017-12-04,14693.8,0.213656795,52.0,0.0,114.0,195.0,12.50508318,0.160966714,0.0,53362.3,0.020738043,1066.463,0.067627961,15.59,0.101441941,14.99,0.067627961,0.0,0.628114988,19.1,0.0,0.0,0.133173438,14.32,0.0,0.0,0.0,0.0,0.0,0.0,0,0,0,0,0,0,0,0,0,2017,12,49
84,2017-12-11,22717.93,0.213656795,54.0,0.0,92.0,125.0,12.22037939,0.160966714,123.56,60112.7,0.020738043,1066.463,0.067627961,14.83,0.101441941,15.01,0.067627961,0.0,0.628114988,19.79,0.0,0.0,0.133173438,14.75,0.0,0.0,0.0,0.0,0.0,0.0,0,0,0,0,0,0,0,0,0,2017,12,50
85,2017-12-18,12830.66,0.213656795,55.0,0.0,76.0,117.0,12.47905942,0.160966714,114.8,55693.3,0.020738043,1066.463,0.067627961,15.15,0.101441941,14.63,0.067627961,0.0,0.628114988,19.57,0.0,0.0,0.133173438,14.65,0.0,0.0,0.0,0.0,0.0,0.0,0,0,0,0,0,0,0,0,0,2017,12,51
86,2017-12-25,0.0,0.213656795,56.0,0.0,33.0,59.0,9.650220756,0.160966714,37.86,154514.6,0.020738043,1066.463,0.067627961,11.39,0.101441941,10.04,0.067627961,0.0,0.628114988,13.5,0.0,0.0,0.133173438,10.11,0.0,0.0,0.0,0.0,0.0,0.0,0,0,0,0,0,0,0,0,1,2017,12,52
87,2018-01-01,0.0,0.213656795,58.0,0.0,0.0,0.0,9.495317447,0.160966714,0.0,188155.9,0.020738043,1069.248,0.067627961,11.16,0.101441941,9.96,0.067627961,0.0,0.628114988,13.46,0.0,0.0,0.133173438,9.56,0.0,67.85,0.0,0.0,0.0,1.0,0,0,0,0,0,0,0,0,0,2018,1,1
88,2018-01-08,0.0,0.321933427,59.0,0.0,0.0,0.0,13.47526869,0.0,136.65,41906.4,0.430956403,1069.248,0.105800276,16.06,0.0,16.2,0.0,0.0,0.447731233,19.64,0.01663652,0.0,0.866726563,14.88,0.0,228.85,0.0,0.0,127.24,1.0,0,0,0,0,0,0,0,0,0,2018,1,2
89,2018-01-15,23892.75,0.321933427,60.0,0.0,115.0,0.0,14.44532972,0.0,80.6,37527.7,0.430956403,1069.248,0.105800276,15.62,0.0,16.57,0.0,0.0,0.447731233,19.5,0.01663652,0.0,0.866726563,15.23,0.0,200.88,0.0,0.0,159.79,1.0,0,0,0,0,0,0,0,0,0,2018,1,3
90,2018-01-22,30554.21,0.321933427,61.0,0.0,61.0,0.0,13.73846414,0.0,80.9,44946.8,0.430956403,1069.248,0.105800276,14.53,0.0,13.86,0.0,0.0,0.447731233,19.31,0.01663652,0.0,0.866726563,15.48,0.0,184.02,0.0,0.0,101.36,1.0,0,0,0,0,0,0,0,0,0,2018,1,4
91,2018-01-29,30058.62,0.321933427,62.0,0.0,84.0,126.0,13.99653615,0.0,85.76,41803.2,0.430956403,1069.248,0.105800276,14.66,0.0,16.06,0.0,0.0,0.447731233,19.85,0.01663652,0.0,0.866726563,14.68,0.0,86.63,0.0,0.0,87.32,1.0,0,0,0,0,0,0,0,0,0,2018,1,5
92,2018-02-05,43207.09,0.213656795,63.0,1.0,103.0,155.0,14.91716891,0.01663652,93.97,40932.7,0.257775404,1072.033,0.213656795,13.19,0.080483357,15.88,0.0,5.9,1.723052382,21.18,0.0,0.0,0.133173438,14.79,0.0,49.32,0.0,0.0,0.0,0.0,0,0,0,0,0,0,0,0,0,2018,2,6
93,2018-02-12,25438.61,0.213656795,64.0,1.0,63.0,94.0,10.98205149,0.01663652,152.5,130267.1,0.257775404,1072.033,0.213656795,11.56,0.080483357,11.24,0.0,0.0,1.723052382,15.34,0.0,0.0,0.133173438,11.04,0.0,77.22,0.0,0.0,0.0,0.0,0,0,0,0,0,1,0,0,0,2018,2,7
94,2018-02-19,7478.99,0.213656795,65.0,1.0,69.0,0.0,12.14465921,0.01663652,110.8,81731.4,0.257775404,1072.033,0.213656795,12.04,0.080483357,12.52,0.0,0.0,1.723052382,16.37,0.0,0.0,0.133173438,12.01,0.0,85.15,0.0,0.0,0.0,0.0,0,0,0,0,0,0,0,0,0,2018,2,8
95,2018-02-26,3279.97,0.213656795,66.0,1.0,112.0,207.0,14.37091218,0.01663652,53.92,39538.2,0.257775404,1072.033,0.213656795,13.18,0.080483357,15.71,0.0,0.0,1.723052382,22.12,0.0,0.0,0.133173438,14.53,0.0,108.67,0.0,0.0,0.0,0.0,0,0,0,0,0,0,0,0,0,2018,2,9
96,2018-03-05,0.0,0.0,67.0,0.0,98.0,220.0,11.02918621,0.0,0.0,99427.1,0.257576184,1074.818,0.794561466,11.3,0.069536657,12.16,0.0,0.0,0.613235083,15.65,0.0,0.0,0.0,10.98,0.160966714,127.46,0.0,0.0,0.0,0.0,0,0,1,0,0,0,0,0,0,2018,3,10
97,2018-03-12,5512.88,0.0,68.0,0.0,69.0,0.0,11.10732792,0.0,75.44,128932.9,0.257576184,1074.818,0.794561466,11.41,0.069536657,11.9,0.0,0.0,0.613235083,15.62,0.0,0.0,0.0,10.17,0.160966714,66.18,0.0,0.0,0.0,0.0,0,0,0,0,0,0,0,0,0,2018,3,11
98,2018-03-19,11143.39,0.0,69.0,0.0,120.0,0.0,13.88008273,0.0,141.12,42110.7,0.257576184,1074.818,0.794561466,15.55,0.069536657,17.06,0.0,0.0,0.613235083,24.31,0.0,0.0,0.0,12.72,0.160966714,30.85,0.0,0.0,0.0,0.0,0,0,0,0,0,0,0,0,0,2018,3,12
99,2018-03-26,15159.58,0.0,70.0,0.0,119.0,0.0,13.31747248,0.0,180.66,46067.3,0.257576184,1074.818,0.794561466,14.15,0.069536657,15.27,0.0,60.58,0.613235083,18.94,0.0,0.0,0.0,12.06,0.160966714,20.49,0.0,0.0,0.0,0.0,0,0,0,0,0,0,0,0,0,2018,3,13
100,2018-04-02,14155.26,0.242964894,71.0,1.0,0.0,0.0,12.69293147,0.266346876,182.05,55369.4,0.244962327,1071.409,0.0,13.52,0.528755531,13.96,0.067627961,2.06,0.850090043,17.81,0.0,0.0,0.0,12.0,0.01663652,0.0,0.0,0.0,0.0,0.0,0,0,0,0,0,0,0,0,0,2018,4,14
101,2018-04-09,16014.77,0.242964894,72.0,1.0,52.0,0.0,14.40282939,0.266346876,99.25,48462.7,0.244962327,1071.409,0.0,16.08,0.528755531,16.96,0.067627961,3.12,0.850090043,23.78,0.0,0.0,0.0,14.33,0.01663652,0.0,0.0,0.0,0.0,0.0,0,0,0,0,0,0,0,0,0,2018,4,15
102,2018-04-16,10003.58,0.242964894,72.0,1.0,248.0,215.0,13.83685242,0.266346876,73.05,58452.6,0.244962327,1071.409,0.0,14.83,0.528755531,15.35,0.067627961,0.0,0.850090043,19.42,0.0,0.0,0.0,13.7,0.01663652,0.0,0.0,0.0,0.0,0.0,0,0,0,0,0,0,0,0,0,2018,4,16
103,2018-04-23,26140.13,0.242964894,73.0,1.0,109.0,173.0,12.57193485,0.266346876,100.94,73139.1,0.244962327,1071.409,0.0,13.05,0.528755531,14.93,0.067627961,0.0,0.850090043,16.33,0.0,0.0,0.0,12.95,0.01663652,0.0,0.0,0.0,0.0,0.0,0,0,0,0,0,0,0,0,0,2018,4,17
104,2018-04-30,15396.74,0.242964894,74.0,1.0,17.0,220.0,14.09238507,0.266346876,178.91,46840.9,0.244962327,1071.409,0.0,14.09,0.528755531,16.38,0.067627961,0.0,0.850090043,19.71,0.0,0.0,0.0,14.07,0.01663652,0.0,0.0,0.0,0.0,0.0,0,0,0,0,0,0,0,0,0,2018,4,18
105,2018-05-07,17186.04,1.006550875,75.0,0.0,0.0,93.0,11.0454071,0.160966714,173.25,136436.8,0.273959636,1068.001,0.0,10.28,0.266556933,11.5,0.0,0.0,1.052590082,16.13,0.0,0.0,0.0,9.12,0.160966714,0.0,0.0,0.0,0.0,0.0,1,0,0,0,0,0,0,0,0,2018,5,19
106,2018-05-14,20171.03,1.006550875,75.0,0.0,0.0,49.0,11.70511347,0.160966714,199.63,113693.9,0.273959636,1068.001,0.0,11.09,0.266556933,13.48,0.0,0.0,1.052590082,15.21,0.0,0.0,0.0,10.71,0.160966714,0.0,0.0,0.0,0.0,0.0,0,0,0,0,0,0,0,0,0,2018,5,20
107,2018-05-21,25716.43,1.006550875,76.0,0.0,0.0,145.0,14.93694682,0.160966714,360.15,38301.0,0.273959636,1068.001,0.0,13.06,0.266556933,18.21,0.0,0.0,1.052590082,19.71,0.0,0.0,0.0,12.82,0.160966714,0.0,0.0,0.0,0.0,0.0,0,0,0,0,0,0,0,0,0,2018,5,21
108,2018-05-28,19751.13,1.006550875,77.0,0.0,0.0,158.0,12.83077224,0.160966714,194.87,59232.6,0.273959636,1068.001,0.0,11.52,0.266556933,15.93,0.0,0.0,1.052590082,15.56,0.0,0.0,0.0,12.05,0.160966714,25.83,0.0,0.0,0.0,0.0,0,0,0,0,0,0,0,0,0,2018,5,22
109,2018-06-04,16776.53,0.693923481,77.0,0.0,0.0,175.0,14.1106285,0.177603233,112.33,47772.5,0.13464932,1064.592,0.228594675,11.43,0.0,17.11,0.0,0.0,0.955528179,19.7,0.0,0.0,0.927734903,12.97,0.0,129.28,0.0,0.0,0.0,0.0,0,0,0,0,0,0,0,0,0,2018,6,23
110,2018-06-11,26201.53,0.693923481,78.0,0.0,0.0,138.0,11.07449742,0.177603233,67.24,123906.3,0.13464932,1064.592,0.228594675,10.93,0.0,12.5,0.0,0.0,0.955528179,15.5,0.0,0.0,0.927734903,10.09,0.0,85.8,0.0,0.0,0.0,0.0,0,1,0,0,1,0,0,0,0,2018,6,24
111,2018-06-18,12191.71,0.693923481,79.0,0.0,0.0,1.0,11.65752104,0.177603233,0.44,106918.1,0.13464932,1064.592,0.228594675,11.42,0.0,13.17,0.0,0.0,0.955528179,15.42,0.0,0.0,0.927734903,10.12,0.0,106.18,0.0,0.0,0.0,0.0,0,0,0,0,0,0,0,0,0,2018,6,25
112,2018-06-25,2026.2,0.693923481,79.0,0.0,0.0,78.0,13.83359692,0.177603233,58.69,60512.1,0.13464932,1064.592,0.228594675,12.57,0.0,16.42,0.0,0.0,0.955528179,20.23,0.0,0.0,0.927734903,12.12,0.0,91.44,0.0,0.0,0.0,0.0,0,0,0,0,0,0,0,0,0,2018,6,26
113,2018-07-02,19270.54,0.92225514,80.0,0.0,0.0,0.0,12.79553668,0.160966714,83.1,70118.2,0.097102778,1055.441,0.080483357,13.05,0.0,15.79,0.266346876,0.0,0.414458194,16.78,0.0,0.0,0.689722245,12.02,0.0,0.0,0.0,0.0,0.0,0.0,0,0,0,0,0,0,0,0,0,2018,7,27
114,2018-07-09,26567.5,0.92225514,80.0,0.0,0.0,0.0,13.91089176,0.160966714,68.03,59083.2,0.097102778,1055.441,0.080483357,14.01,0.0,16.92,0.266346876,0.0,0.414458194,21.68,0.0,0.0,0.689722245,13.31,0.0,0.0,0.0,0.0,0.0,0.0,0,0,0,0,0,0,0,0,0,2018,7,28
115,2018-07-16,1452.86,0.92225514,81.0,0.0,0.0,0.0,13.33618315,0.160966714,67.56,62694.1,0.097102778,1055.441,0.080483357,13.64,0.0,16.06,0.266346876,0.0,0.414458194,20.29,0.0,0.0,0.689722245,13.45,0.0,71.34,0.0,0.0,0.0,0.0,0,0,0,0,0,0,0,0,0,2018,7,29
116,2018-07-23,19199.86,0.92225514,82.0,0.0,0.0,0.0,11.96852166,0.160966714,38.56,85290.4,0.097102778,1055.441,0.080483357,12.57,0.0,14.48,0.266346876,0.0,0.414458194,16.52,0.0,0.0,0.689722245,12.56,0.0,123.73,0.0,0.0,0.0,0.0,0,0,0,0,0,0,0,0,0,2018,7,30
117,2018-07-30,27555.31,0.92225514,82.0,0.0,11.0,0.0,12.92778386,0.160966714,95.17,67095.8,0.097102778,1055.441,0.080483357,13.7,0.0,15.99,0.266346876,0.0,0.414458194,21.17,0.0,0.0,0.689722245,14.08,0.0,87.15,0.0,0.0,0.0,0.0,0,0,0,0,0,0,0,0,0,2018,7,31
118,2018-08-06,20115.9,0.0,83.0,1.0,110.0,0.0,13.47295383,0.160966714,112.7,62837.0,0.292062005,1046.289,0.0,15.43,0.0,16.33,0.228594675,0.0,0.69968117,21.55,0.0,0.0,0.166987418,14.12,0.0,89.07,0.0,0.0,0.0,0.0,0,0,0,0,0,0,0,0,0,2018,8,32
119,2018-08-13,25760.32,0.0,83.0,1.0,142.0,0.0,11.03893175,0.160966714,188.52,130800.7,0.292062005,1046.289,0.0,13.01,0.0,12.07,0.228594675,0.0,0.69968117,16.25,0.0,0.0,0.166987418,9.09,0.0,68.03,0.0,0.0,0.0,0.0,0,0,0,0,0,0,0,0,0,2018,8,33
120,2018-08-20,7512.58,0.0,84.0,1.0,0.0,0.0,11.37586377,0.160966714,178.88,146002.1,0.292062005,1046.289,0.0,13.24,0.0,11.98,0.228594675,0.0,0.69968117,15.57,0.0,0.0,0.166987418,9.88,0.0,37.52,0.0,0.0,0.0,0.0,0,0,0,1,0,0,0,0,0,2018,8,34
121,2018-08-27,17658.75,0.0,84.0,1.0,0.0,0.0,13.22957542,0.160966714,251.25,67991.6,0.292062005,1046.289,0.0,14.98,0.0,15.1,0.228594675,0.0,0.69968117,18.49,0.0,0.0,0.166987418,12.41,0.0,33.03,0.0,0.0,0.0,0.0,0,0,0,0,0,0,0,0,0,2018,8,35
122,2018-09-03,9727.59,0.080483357,85.0,0.0,0.0,0.0,13.76675228,0.228594675,233.82,64670.3,0.170391952,1037.138,0.160966714,15.55,0.0,16.39,0.0,0.0,0.080483357,20.09,0.0,0.0,0.0,14.21,0.0,116.84,0.0,0.0,0.0,0.0,0,0,0,0,0,0,0,0,0,2018,9,36
123,2018-09-10,13591.3,0.080483357,85.0,0.0,0.0,0.0,13.91392685,0.228594675,365.38,68118.8,0.170391952,1037.138,0.160966714,16.98,0.0,16.86,0.0,0.0,0.080483357,25.18,0.0,0.0,0.0,15.15,0.0,149.07,0.0,0.0,0.0,0.0,0,0,0,0,0,0,0,0,0,2018,9,37
124,2018-09-17,7596.67,0.080483357,86.0,0.0,0.0,0.0,12.86334733,0.228594675,235.98,103588.9,0.170391952,1037.138,0.160966714,18.05,0.0,16.32,0.0,0.0,0.080483357,27.0,0.0,0.0,0.0,14.1,0.0,90.63,0.0,0.0,0.0,0.0,0,0,0,0,0,0,0,0,0,2018,9,38
125,2018-09-24,14000.76,0.080483357,86.0,0.0,0.0,0.0,13.67256298,0.228594675,45.82,78354.0,0.170391952,1037.138,0.160966714,18.35,0.0,17.48,0.0,0.0,0.080483357,27.52,0.0,0.0,0.0,15.88,0.0,140.56,0.0,0.0,0.0,0.0,0,0,0,0,0,0,0,0,0,2018,9,39
126,2018-10-01,65571.88,0.080483357,87.0,0.0,0.0,0.0,13.46891078,0.228594675,242.99,84802.7,0.170391952,1015.77,0.160966714,17.41,0.0,16.93,0.0,0.0,0.080483357,18.84,0.0,0.0,0.0,16.38,0.0,0.0,0.0,0.0,0.0,0.0,0,0,0,0,0,0,0,0,0,2018,10,40
127,2018-10-08,61383.63,0.767729244,87.0,0.0,0.0,0.0,12.66418298,0.266346876,223.52,99690.6,0.38832313,1015.77,0.03381398,19.75,0.0,18.01,0.160966714,0.0,1.509931513,26.14,0.0,0.0,0.266346876,15.4,0.0,0.0,0.0,0.0,0.0,1.0,0,0,0,0,0,0,0,0,0,2018,10,41
128,2018-10-15,50639.93,0.767729244,88.0,0.0,0.0,0.0,12.64110506,0.266346876,10.9,96399.8,0.38832313,1015.77,0.03381398,19.72,0.0,18.19,0.160966714,0.0,1.509931513,26.34,0.0,0.0,0.266346876,15.25,0.0,161.73,29.75,0.0,0.0,1.0,0,0,0,0,0,0,0,0,0,2018,10,42
129,2018-10-22,61161.49,0.767729244,88.0,0.0,0.0,0.0,10.83321094,0.266346876,536.67,238295.0,0.38832313,1015.77,0.03381398,16.3,0.0,13.25,0.160966714,0.0,1.509931513,18.39,0.0,0.0,0.266346876,10.92,0.0,272.92,19.67,0.0,0.0,1.0,0,0,0,0,0,0,0,1,0,2018,10,43
130,2018-10-29,82812.63,0.767729244,89.0,0.0,0.0,0.0,10.60490143,0.266346876,418.88,185998.9,0.38832313,1015.77,0.03381398,16.39,0.0,12.97,0.160966714,0.0,1.509931513,18.63,0.0,0.0,0.266346876,10.47,0.0,67.36,29.44,218.22,0.0,1.0,0,0,0,0,0,0,0,0,0,2018,10,44
131,2018-11-05,64313.18,0.333974837,89.0,0.0,265.0,0.0,13.21259653,0.228594675,375.94,79666.4,0.277581712,994.401,0.0,16.51,0.294350208,19.84,0.0,0.0,0.238973713,24.33,0.0,0.0,0.0,16.02,0.0,0.0,24.92,148.96,0.0,0.0,0,0,0,0,0,0,0,0,0,2018,11,45
132,2018-11-12,41709.96,0.333974837,90.0,0.0,399.0,0.0,13.6604962,0.228594675,164.35,82046.8,0.277581712,994.401,0.0,14.42,0.294350208,23.21,0.0,0.0,0.238973713,28.09,0.0,0.0,0.0,17.21,0.0,0.0,23.24,107.29,0.0,0.0,0,0,0,0,0,0,0,0,0,2018,11,46
133,2018-11-19,32879.33,0.333974837,90.0,0.0,226.0,0.0,14.00296625,0.228594675,156.13,59401.7,0.277581712,994.401,0.0,15.0,0.294350208,22.66,0.0,0.0,0.238973713,28.32,0.0,0.0,0.0,16.15,0.0,0.0,23.62,148.22,0.0,0.0,0,0,0,0,0,0,0,0,0,2018,11,47
134,2018-11-26,97119.78,0.333974837,91.0,0.0,20.0,0.0,12.40899538,0.228594675,36.72,115859.5,0.277581712,994.401,0.0,14.52,0.294350208,17.7,0.0,0.0,0.238973713,20.53,0.0,0.0,0.0,14.96,0.0,0.0,18.99,173.63,0.0,0.0,0,0,0,0,0,0,0,0,0,2018,11,48
135,2018-12-03,3157.8,0.105800276,91.0,0.0,409.0,0.0,15.41313852,0.266346876,0.0,46979.4,0.037601912,973.032,0.133173438,14.82,0.0,22.19,0.0,0.0,0.74843303,26.97,0.0,0.0,0.086714118,16.86,0.0,0.0,22.61,269.77,0.0,0.0,0,0,0,0,0,0,0,0,0,2018,12,49
136,2018-12-10,0.0,0.105800276,91.0,0.0,251.0,0.0,14.68724934,0.266346876,0.0,64954.3,0.037601912,973.032,0.133173438,16.93,0.0,19.83,0.0,0.0,0.74843303,28.47,0.0,0.0,0.086714118,16.57,0.0,0.0,23.63,175.43,0.0,0.0,0,0,0,0,0,0,0,0,0,2018,12,50
137,2018-12-17,0.0,0.105800276,92.0,0.0,83.0,0.0,14.57447718,0.266346876,0.0,66643.9,0.037601912,973.032,0.133173438,19.34,0.0,18.92,0.0,0.0,0.74843303,25.61,0.0,0.0,0.086714118,16.35,0.0,0.0,23.98,146.76,0.0,0.0,0,0,0,0,0,0,0,0,0,2018,12,51
138,2018-12-24,0.0,0.105800276,92.0,0.0,0.0,0.0,11.1844008,0.266346876,0.0,160777.5,0.037601912,973.032,0.133173438,16.79,0.0,15.25,0.0,0.0,0.74843303,19.81,0.0,0.0,0.086714118,13.7,0.0,0.0,19.97,239.09,0.0,0.0,0,0,0,0,0,0,0,0,1,2018,12,52
139,2018-12-31,0.0,0.105800276,93.0,1.0,0.0,0.0,10.98854025,0.266346876,0.0,175082.4,0.037601912,973.032,0.133173438,16.17,0.0,14.67,0.0,0.0,0.74843303,19.18,0.0,0.0,0.086714118,13.03,0.0,0.0,18.98,180.67,0.0,0.0,0,0,0,0,0,0,0,0,1,2018,12,1
140,2019-01-07,0.0,0.133173438,93.0,1.0,0.0,0.0,14.87591232,0.245231194,0.0,52023.7,0.553591581,979.675,0.052900138,19.67,0.0,21.17,0.0,0.0,1.150250899,24.94,0.0,0.0,0.382941768,17.39,0.0,0.0,23.86,247.01,0.0,0.0,0,0,0,0,0,0,0,0,0,2019,1,2
141,2019-01-14,0.0,0.133173438,93.0,1.0,0.0,0.0,15.35436699,0.245231194,0.0,48826.5,0.553591581,979.675,0.052900138,20.81,0.0,22.83,0.0,0.0,1.150250899,29.98,0.0,0.0,0.382941768,18.93,0.0,0.0,26.65,202.57,0.0,0.0,0,0,0,0,0,0,0,0,0,2019,1,3
142,2019-01-21,8847.75,0.133173438,94.0,1.0,0.0,0.0,14.28130981,0.245231194,86.03,68761.2,0.553591581,979.675,0.052900138,18.38,0.0,19.41,0.0,0.0,1.150250899,24.46,0.0,0.0,0.382941768,15.96,0.0,0.0,21.1,145.52,0.0,0.0,0,0,0,0,0,0,0,0,0,2019,1,4
143,2019-01-28,15033.94,0.133173438,94.0,1.0,0.0,0.0,15.82096287,0.245231194,116.41,51412.8,0.553591581,979.675,0.052900138,19.2,0.0,21.62,0.0,0.0,1.150250899,24.11,0.0,0.0,0.382941768,15.36,0.0,40.31,24.99,143.66,0.0,0.0,0,0,0,0,0,0,0,0,0,2019,1,5
144,2019-02-04,24358.27,1.171267458,95.0,0.0,0.0,0.0,18.75334477,0.160966714,132.12,39800.9,0.435081,986.317,0.247470775,19.58,0.213656795,21.72,0.0,0.0,1.849990044,28.76,0.0,0.0,0.266346876,17.59,0.0,254.17,26.74,117.37,0.0,0.0,0,0,0,0,0,0,0,0,0,2019,2,6
145,2019-02-11,28443.05,1.171267458,95.0,0.0,0.0,39.0,14.12889666,0.160966714,73.12,110100.6,0.435081,986.317,0.247470775,16.8,0.213656795,16.17,0.0,0.0,1.849990044,20.74,0.0,0.0,0.266346876,14.18,0.0,253.26,19.07,118.62,0.0,0.0,0,0,0,0,0,1,0,0,0,2019,2,7
146,2019-02-18,28620.74,1.171267458,95.0,0.0,0.0,58.0,14.75159386,0.160966714,205.95,100212.9,0.435081,986.317,0.247470775,16.89,0.213656795,16.39,0.0,0.0,1.849990044,21.42,0.0,0.0,0.266346876,14.35,0.0,424.51,19.91,114.76,0.0,0.0,0,0,0,0,0,0,0,0,0,2019,2,8
147,2019-02-25,28357.68,1.171267458,96.0,0.0,0.0,264.0,19.58292785,0.160966714,835.06,35965.0,0.435081,986.317,0.247470775,18.42,0.213656795,22.47,0.0,0.0,1.849990044,29.22,0.0,0.0,0.266346876,19.56,0.0,159.41,25.76,59.03,0.0,0.0,0,0,0,0,0,0,0,0,0,2019,2,9
148,2019-03-04,59139.87,1.526836064,96.0,0.0,0.0,627.0,14.18330582,0.266346876,593.34,117624.2,0.265637491,992.959,0.892222283,16.84,0.42731359,16.66,0.0,0.0,1.207536091,20.86,0.0,0.0,0.0,14.81,0.0,0.0,21.39,0.0,0.0,0.0,0,0,1,0,0,0,0,0,0,2019,3,10
149,2019-03-11,11107.67,1.526836064,96.0,0.0,0.0,83.0,13.61829503,0.266346876,98.63,160423.9,0.265637491,992.959,0.892222283,15.64,0.42731359,15.43,0.0,0.0,1.207536091,20.24,0.0,0.0,0.0,13.6,0.0,0.0,20.78,0.0,0.0,0.0,0,0,0,0,0,0,0,0,0,2019,3,11
150,2019-03-18,6502.58,1.526836064,97.0,0.0,0.0,60.0,16.74970968,0.266346876,157.73,52442.7,0.265637491,992.959,0.892222283,19.28,0.42731359,21.23,0.0,0.0,1.207536091,29.07,0.0,0.0,0.0,19.33,0.0,0.0,25.78,0.0,0.0,0.0,0,0,0,0,0,0,0,0,0,2019,3,12
151,2019-03-25,4148.24,1.526836064,97.0,0.0,0.0,135.0,17.00346914,0.266346876,122.01,51424.8,0.265637491,992.959,0.892222283,19.2,0.42731359,23.92,0.0,0.0,1.207536091,30.89,0.0,0.0,0.0,20.15,0.0,0.0,24.85,0.0,0.0,0.0,0,0,0,0,0,0,0,0,0,2019,3,13
152,2019-04-01,19443.36,1.526836064,97.0,0.0,0.0,0.0,15.86295776,0.266346876,0.0,65334.6,0.265637491,996.55,0.892222283,17.51,0.42731359,21.04,0.0,0.0,1.207536091,23.79,0.0,0.0,0.0,18.3,0.0,0.0,23.58,0.0,0.0,0.0,0,0,0,0,0,0,0,0,0,2019,4,14
153,2019-04-08,17922.68,0.414458194,98.0,0.0,0.0,0.0,17.09762062,0.443950109,124.63,60482.1,0.240629736,996.55,0.03381398,17.5,0.399520314,21.74,0.0,0.0,1.878324261,27.66,0.0,0.0,0.247470775,19.43,0.0,0.0,25.42,0.0,0.0,0.0,0,0,0,0,0,0,0,0,0,2019,4,15
154,2019-04-15,21515.14,0.414458194,98.0,0.0,0.0,260.0,17.28475195,0.443950109,318.0,58236.3,0.240629736,996.55,0.03381398,17.03,0.399520314,21.73,0.0,0.0,1.878324261,31.62,0.0,0.0,0.247470775,19.9,0.0,0.0,26.38,0.0,0.0,0.0,0,0,0,0,0,0,0,0,0,2019,4,16
155,2019-04-22,25224.38,0.414458194,98.0,0.0,0.0,82.0,15.82440687,0.443950109,130.38,84281.2,0.240629736,996.55,0.03381398,16.52,0.399520314,20.69,0.0,0.0,1.878324261,25.34,0.0,0.0,0.247470775,18.16,0.0,0.0,24.48,0.0,0.0,0.0,0,0,0,0,0,0,0,0,0,2019,4,17
156,2019-04-29,20749.74,0.414458194,99.0,0.0,0.0,147.0,16.25677426,0.443950109,126.85,69103.5,0.240629736,996.55,0.03381398,17.23,0.399520314,20.02,0.0,0.0,1.878324261,26.38,0.0,0.0,0.247470775,18.02,0.0,0.0,24.28,0.0,87.15,0.0,0,0,0,0,0,0,0,0,0,2019,4,18
157,2019-05-06,25955.27,1.243043696,99.0,0.0,0.0,365.0,15.05123826,0.0,396.51,80564.8,0.224955096,1000.141,0.51157807,15.29,0.0,18.4,0.0,0.0,1.693560466,22.04,0.0,0.0,0.052900138,15.37,0.282983395,64.22,20.92,0.0,194.73,0.0,1,0,0,0,0,0,0,0,0,2019,5,19
158,2019-05-13,2789.16,1.243043696,99.0,0.0,0.0,207.0,13.08482974,0.0,0.0,156547.7,0.224955096,1000.141,0.51157807,14.91,0.0,14.97,0.0,0.0,1.693560466,21.33,0.0,0.0,0.052900138,13.24,0.282983395,76.32,20.21,0.0,83.94,0.0,0,0,0,0,0,0,0,0,0,2019,5,20
159,2019-05-20,0.0,1.243043696,100.0,0.0,0.0,98.0,17.9258826,0.0,0.0,37616.0,0.224955096,1000.141,0.51157807,17.66,0.0,23.07,0.0,0.0,1.693560466,32.22,0.0,0.0,0.052900138,17.09,0.282983395,86.35,24.31,0.0,21.91,0.0,0,0,0,0,0,0,0,0,0,2019,5,21
160,2019-05-27,0.0,1.243043696,100.0,0.0,35.0,0.0,18.27722745,0.0,0.0,43792.2,0.224955096,1000.141,0.51157807,16.8,0.0,20.22,0.0,0.0,1.693560466,25.1,0.0,0.0,0.052900138,15.85,0.282983395,123.33,23.05,0.0,0.0,0.0,0,0,0,0,0,0,0,0,0,2019,5,22
